Parent ID number,ID number,Shortname,Description,Description format,Scale values,Scale configuration,Rule type,Rule outcome,Rule config,Is framework,Taxonomy
,GEOAI-FW,Référentiel GéoAI — Sassandra,"Compétences de la formation GéoAI (12 modules, 24 compétences). Échelle : 1 Découverte · 2 Accompagné · 3 Autonome guidé · 4 Autonome expert.",1,"Découverte,Accompagné,Autonome guidé,Autonome expert","[{""scaleid"": 0}, {""id"": 1, ""scaledefault"": 0, ""proficient"": 0}, {""id"": 2, ""scaledefault"": 0, ""proficient"": 0}, {""id"": 3, ""scaledefault"": 1, ""proficient"": 1}, {""id"": 4, ""scaledefault"": 0, ""proficient"": 1}]",,,,1,"module,competency"
,M1,M1 — Comprendre la GéoAI & sa chaîne de valeur,Comprendre la GéoAI & sa chaîne de valeur,1,,,,,,0,
,M2,"M2 — Sentinel-2 sur Earth Engine (masquage nuages, médianes)","Sentinel-2 sur Earth Engine (masquage nuages, médianes)",1,,,,,,0,
,M3,"M3 — Données climatiques (CHIRPS, ERA5-Land) & indices spectraux","Données climatiques (CHIRPS, ERA5-Land) & indices spectraux",1,,,,,,0,
,M4,M4 — Cube spatio-temporel multi-bandes & séries mensuelles,Cube spatio-temporel multi-bandes & séries mensuelles,1,,,,,,0,
,M5,"M5 — Normalisation, pondération & ACP","Normalisation, pondération & ACP",1,,,,,,0,
,M6,M6 — Random Forest & validation croisée,Random Forest & validation croisée,1,,,,,,0,
,M7,M7 — Clustering K-means & profils spatiaux,Clustering K-means & profils spatiaux,1,,,,,,0,
,M8,M8 — Statistiques spatiales : Moran & Getis-Ord Gi*,Statistiques spatiales : Moran & Getis-Ord Gi*,1,,,,,,0,
,M9,M9 — Projection de vulnérabilité & incertitude,Projection de vulnérabilité & incertitude,1,,,,,,0,
,M10,"M10 — Système d'alerte : classification, anomalies, diffusion","Système d'alerte : classification, anomalies, diffusion",1,,,,,,0,
,M11,"M11 — Cartographie QGIS : styles, mises en page, exports pro","Cartographie QGIS : styles, mises en page, exports pro",1,,,,,,0,
,M12,"M12 — Automatisation, reproductibilité (Git) & documentation","Automatisation, reproductibilité (Git) & documentation",1,,,,,,0,
M1,C1.1,C1.1 — Définir la GeoAI et sa chaîne de valeur,Définir la GeoAI et sa chaîne de valeur (niveau visé : 3),1,,,,,,0,
M1,C1.2,C1.2 — Situer la GeoAI par rapport au SIG classique,Situer la GeoAI par rapport au SIG classique (niveau visé : 3),1,,,,,,0,
M2,C2.1,C2.1 — Charger et filtrer Sentinel-2 sur Earth Engine,Charger et filtrer Sentinel-2 sur Earth Engine (niveau visé : 3),1,,,,,,0,
M2,C2.2,C2.2 — Masquer nuages/ombres (SCL) et composer des médianes,Masquer nuages/ombres (SCL) et composer des médianes (niveau visé : 3),1,,,,,,0,
M3,C3.1,C3.1 — Agréger les données CHIRPS et ERA5-Land,Agréger les données CHIRPS et ERA5-Land (niveau visé : 3),1,,,,,,0,
M3,C3.2,C3.2 — Calculer et interpréter NDVI/EVI/SAVI/MNDWI/NBR,Calculer et interpréter NDVI/EVI/SAVI/MNDWI/NBR (niveau visé : 3),1,,,,,,0,
M4,C4.1,C4.1 — Construire un cube spatio-temporel multi-bandes,Construire un cube spatio-temporel multi-bandes (niveau visé : 3),1,,,,,,0,
M4,C4.2,C4.2 — Extraire des séries mensuelles cohérentes (250 m),Extraire des séries mensuelles cohérentes (250 m) (niveau visé : 3),1,,,,,,0,
M5,C5.1,C5.1 — Normaliser et pondérer les variables,Normaliser et pondérer les variables (niveau visé : 3),1,,,,,,0,
M5,C5.2,C5.2 — Conduire et interpréter une ACP,Conduire et interpréter une ACP (niveau visé : 3),1,,,,,,0,
M6,C6.1,C6.1 — Entraîner un Random Forest et lire l'importance des varia…,Entraîner un Random Forest et lire l'importance des variables (niveau visé : 3),1,,,,,,0,
M6,C6.2,C6.2 — Valider par validation croisée (R²/RMSE),Valider par validation croisée (R²/RMSE) (niveau visé : 4),1,,,,,,0,
M7,C7.1,C7.1 — Réaliser un clustering K-means et choisir k,Réaliser un clustering K-means et choisir k (niveau visé : 3),1,,,,,,0,
M7,C7.2,C7.2 — Interpréter les profils spatiaux,Interpréter les profils spatiaux (niveau visé : 3),1,,,,,,0,
M8,C8.1,C8.1 — Calculer et interpréter l'indice de Moran,Calculer et interpréter l'indice de Moran (niveau visé : 3),1,,,,,,0,
M8,C8.2,C8.2 — Identifier hotspots/coldspots (Getis-Ord Gi*),Identifier hotspots/coldspots (Getis-Ord Gi*) (niveau visé : 3),1,,,,,,0,
M9,C9.1,C9.1 — Projeter la vulnérabilité (tendance),Projeter la vulnérabilité (tendance) (niveau visé : 3),1,,,,,,0,
M9,C9.2,C9.2 — Discuter incertitude et limites,Discuter incertitude et limites (niveau visé : 3),1,,,,,,0,
M10,C10.1,C10.1 — Construire une classification d'alerte et un tableau de bord,Construire une classification d'alerte et un tableau de bord (niveau visé : 3),1,,,,,,0,
M10,C10.2,C10.2 — Implémenter détection d'anomalie + génération de messages,Implémenter détection d'anomalie + génération de messages (niveau visé : 3),1,,,,,,0,
M11,C11.1,C11.1 — Styler rasters/vecteurs et produire des mises en page,Styler rasters/vecteurs et produire des mises en page (niveau visé : 4),1,,,,,,0,
M11,C11.2,C11.2 — Réaliser cartes dynamiques et exports professionnels,Réaliser cartes dynamiques et exports professionnels (niveau visé : 3),1,,,,,,0,
M12,C12.1,C12.1 — Automatiser le rafraîchissement mensuel,Automatiser le rafraîchissement mensuel (niveau visé : 3),1,,,,,,0,
M12,C12.2,C12.2 — Assurer reproductibilité (Git) et documentation,Assurer reproductibilité (Git) et documentation (niveau visé : 3),1,,,,,,0,
